{
  "mae": 647.947286070612,
  "mse": 691064.0360132281,
  "rmse": 831.3026139819531,
  "mape": 8.082151020395267,
  "smape": 8.616607377392151,
  "r2": 0.9695399208044445
}